/Volumes/T9/repos/astropy__astropy__d16bfe05a744909de4b27f5875fe0d4ed41ce607,498
/Volumes/T9/repos/astropy__astropy__298ccb478e6bf092953bca67a3d29dc6c35f6752,505
/Volumes/T9/repos/astropy__astropy__6ed769d58d89380ebaa1ef52b300691eefda8928,507
/Volumes/T9/repos/astropy__astropy__6500928dc0e57be8f06d1162eacc3ba5e2eff692,508
/Volumes/T9/repos/astropy__astropy__19cc80471739bcb67b7e8099246b391c355023ee,508
/Volumes/T9/repos/astropy__astropy__0df94ff7097961e92fd7812036a24b145bc13ca8,509
/Volumes/T9/repos/astropy__astropy__5250b2442501e6c671c6b380536f1edb352602d1,510
/Volumes/T9/repos/astropy__astropy__1a4462d72eb03f30dc83a879b1dd57aac8b2c18b,510
/Volumes/T9/repos/astropy__astropy__a5917978be39d13cd90b517e1de4e7a539ffaa48,510
/Volumes/T9/repos/astropy__astropy__cdb66059a2feb44ee49021874605ba90801f9986,515
/Volumes/T9/repos/astropy__astropy__7269fa3e33e8d02485a647da91a5a2a60a06af61,515
/Volumes/T9/repos/astropy__astropy__fa4e8d1cd279acf9b24560813c8652494ccd5922,515
/Volumes/T9/repos/astropy__astropy__a3f4ae6cd24d5ecdf49f213d77b3513dd509a06c,515
/Volumes/T9/repos/astropy__astropy__c0a24c1dc957a3b565294213f435fefb2ec99714,515
/Volumes/T9/repos/astropy__astropy__80c3854a5f4f4a6ab86c03d9db7854767fcd83c1,514
/Volumes/T9/repos/astropy__astropy__b16c7d12ccbc7b2d20364b89fb44285bcbfede54,492
/Volumes/T9/repos/astropy__astropy__26d147868f8a891a6009a25cd6a8576d2e1bd747,398
/Volumes/T9/repos/astropy__astropy__732d89c2940156bdc0e200bb36dc38b5e424bcba,401
/Volumes/T9/repos/astropy__astropy__3cedd79e6c121910220f8e6df77c54a0b344ea94,406
/Volumes/T9/repos/astropy__astropy__a7141cd90019b62688d507ae056298507678c058,401
/Volumes/T9/repos/astropy__astropy__a85a0747c54bac75e9c3b2fe436b105ea029d6cf,440
/Volumes/T9/repos/astropy__astropy__b750a0e6ee76fb6b8a099a4d16ec51977be46bf6,444
/Volumes/T9/repos/django__django__b9cf764be62e77b4777b3a75ec256f6209a57671,826
/Volumes/T9/repos/django__django__14d026cccb144c6877294ba4cd4e03ebf0842498,820
/Volumes/T9/repos/django__django__838e432e3e5519c5383d12018e6c78f8ec7833c1,823
/Volumes/T9/repos/django__django__e7fd69d051eaa67cb17f172a39b57253e9cb831a,820
/Volumes/T9/repos/django__django__ddb293685235fd09e932805771ae97f72e817181,820
/Volumes/T9/repos/django__django__36300ef336e3f130a0dadc1143163ff3d23dc843,820
/Volumes/T9/repos/django__django__4b45b6c8e4d7c9701a332e80d3b1c84209dc36e2,820
/Volumes/T9/repos/django__django__8180ffba21bf10f4be905cb0d4890dc2bcff2788,820
/Volumes/T9/repos/django__django__7d49ad76562e8c0597a0eb66046ab423b12888d8,820
/Volumes/T9/repos/django__django__d26b2424437dabeeca94d7900b37d2df4410da0c,820
/Volumes/T9/repos/django__django__d4df5e1b0b1c643fe0fc521add0236764ec8e92a,820
/Volumes/T9/repos/django__django__879cc3da6249e920b8d54518a0ae06de835d7373,820
/Volumes/T9/repos/django__django__c84b91b7603e488f7171fdff8f08368ef3d6b856,820
/Volumes/T9/repos/django__django__5d9cf79baf07fc4aed7ad1b06990532a65378155,825
/Volumes/T9/repos/django__django__e245046bb6e8b32360aa48b8a41fb7050f0fc730,820
/Volumes/T9/repos/django__django__e6588aa4e793b7f56f4cadbfa155b581e0efc59a,820
/Volumes/T9/repos/django__django__19fc6376ce67d01ca37a91ef2f55ef769f50513a,820
/Volumes/T9/repos/django__django__571ab44e8a8936014c22e7eebe4948d9611fd7ce,820
/Volumes/T9/repos/django__django__ba726067604ce5a8ca3919edf653496722b433ab,820
/Volumes/T9/repos/django__django__d87bd29c4f8dfcdf3f4a4eb8340e6770a2416fe3,820
/Volumes/T9/repos/django__django__21aa2a5e785eef1f47beb1c3760fdd7d8915ae09,820
/Volumes/T9/repos/django__django__28d5262fa3315690395f04e3619ed554dbaf725b,820
/Volumes/T9/repos/django__django__eb16c7260e573ec513d84cb586d96bdf508f3173,820
/Volumes/T9/repos/django__django__6866c91b638de5368c18713fa851bfe56253ea55,820
/Volumes/T9/repos/django__django__55b68de643b5c2d5f0a8ea7587ab3b2966021ccc,823
/Volumes/T9/repos/django__django__1f8382d34d54061eddc41df6994e20ee38c60907,824
/Volumes/T9/repos/django__django__21b1d239125f1228e579b1ce8d94d4d5feadd2a6,820
/Volumes/T9/repos/django__django__e065b293878b1e3ea56655aa9d33e87576cd77ff,820
/Volumes/T9/repos/django__django__e28671187903e6aca2428374fdd504fca3032aee,823
/Volumes/T9/repos/django__django__a7038adbd02c916315b16939b835f021c2ee8880,820
/Volumes/T9/repos/django__django__a5308514fb4bc5086c9a16a8a24a945eeebb073c,823
/Volumes/T9/repos/django__django__7991111af12056ec9a856f35935d273526338c1f,823
/Volumes/T9/repos/django__django__8dd5877f58f84f2b11126afbd0813e24545919ed,823
/Volumes/T9/repos/django__django__f618e033acd37d59b536d6e6126e6c5be18037f6,824
/Volumes/T9/repos/django__django__05457817647368be4b019314fcc655445a5b4c0c,824
/Volumes/T9/repos/django__django__999891bd80b3d02dd916731a7a239e1036174885,824
/Volumes/T9/repos/django__django__003bb34b218adb23d1a7e67932a6ba9b3c4dcc81,824
/Volumes/T9/repos/django__django__350123f38c2b6217c38d70bfbd924a9ba3df1289,825
/Volumes/T9/repos/django__django__b1d6b35e146aea83b171c1b921178bbaae2795ed,825
/Volumes/T9/repos/django__django__e02f67ef2d03d48128e7a118bf75f0418e24e8ac,825
/Volumes/T9/repos/django__django__c2678e49759e5c4c329bff0eeca2886267005d21,825
/Volumes/T9/repos/django__django__f0adf3b9b7a19cdee05368ff0c0c2d087f011180,825
/Volumes/T9/repos/django__django__06909fe084f87a65459a83bd69d7cdbe4fce9a7c,825
/Volumes/T9/repos/django__django__04ac9b45a34440fa447feb6ae934687aacbfc5f4,825
/Volumes/T9/repos/django__django__312049091288dbba2299de8d07ea3e3311ed7238,824
/Volumes/T9/repos/django__django__fc2b1cc926e34041953738e58fa6ad3053059b22,824
/Volumes/T9/repos/django__django__84633905273fc916e3d17883810d9969c03f73c2,824
/Volumes/T9/repos/django__django__58c1acb1d6054dfec29d0f30b1033bae6ef62aec,826
/Volumes/T9/repos/django__django__b93a0e34d9b9b99d41103782b7e7aeabf47517e3,826
/Volumes/T9/repos/django__django__89d41cba392b759732ba9f1db4ff29ed47da6a56,826
/Volumes/T9/repos/django__django__5573a54d409bb98b5c5acdb308310bed02d392c2,826
/Volumes/T9/repos/django__django__e8fcdaad5c428878d0a5d6ba820d957013f75595,826
/Volumes/T9/repos/django__django__3fb7c12158a2402f0f80824f6778112071235803,825
/Volumes/T9/repos/django__django__5a68f024987e6d16c2626a31bf653a2edddea579,827
/Volumes/T9/repos/django__django__69331bb851c34f05bc77e9fc24020fe6908b9cd5,827
/Volumes/T9/repos/django__django__927c903f3cd25c817c21738328b53991c035b415,827
/Volumes/T9/repos/django__django__53d8646f799de7f92ab9defe9dc56c6125448102,827
/Volumes/T9/repos/django__django__4c1b401e8250f9f520b3c7dc369554477ce8b15a,827
/Volumes/T9/repos/django__django__2e0f04507b17362239ba49830d26fec504d46978,830
/Volumes/T9/repos/django__django__29c126bb349526b5f1cd78facbe9f25906f18563,827
/Volumes/T9/repos/django__django__335c9c94acf263901fb023404408880245b0c4b4,827
/Volumes/T9/repos/django__django__7fa1a93c6c8109010a6ff3f604fda83b604e0e97,827
/Volumes/T9/repos/django__django__fa5e7e46d875d4143510944f19d79df7b1739bab,829
/Volumes/T9/repos/django__django__447980e72ac01da1594dd3373a03ba40b7ee6f80,829
/Volumes/T9/repos/django__django__5b884d45ac5b76234eca614d90c83b347294c332,829
/Volumes/T9/repos/django__django__537d422942b53bc0a2b6a51968f379c0de07793c,829
/Volumes/T9/repos/django__django__18759b2209ff556aed7f20d83cbf23e3d234e41c,831
/Volumes/T9/repos/django__django__67f9d076cfc1858b94f9ed6d1a5ce2327dcc8d0d,829
/Volumes/T9/repos/django__django__f2051eb8a7febdaaa43bd33bf5a6108c5f428e59,829
/Volumes/T9/repos/django__django__437196da9a386bd4cc62b0ce3f2de4aba468613d,831
/Volumes/T9/repos/django__django__22a59c01c00cf9fbefaee0e8e67fab82bbaf1fd2,842
/Volumes/T9/repos/django__django__f83b44075dafa429d59e8755aa47e15577cc49f9,842
/Volumes/T9/repos/django__django__78ad4b4b0201003792bfdbf1a7781cbc9ee03539,842
/Volumes/T9/repos/django__django__a59de6e89e8dc1f3e71c9a5a5bbceb373ea5247e,842
/Volumes/T9/repos/django__django__27c09043da52ca1f02605bf28600bfd5ace95ae4,845
/Volumes/T9/repos/django__django__fbe82f82555bc25dccb476c749ca062f0b522be3,846
/Volumes/T9/repos/django__django__09914ccf688974e068941f55412b930729bafa06,846
/Volumes/T9/repos/django__django__ec5aa2161d8015a3fe57dcbbfe14200cd18f0a16,846
/Volumes/T9/repos/django__django__2d67222472f80f251607ae1b720527afceba06ad,846
/Volumes/T9/repos/django__django__7af8f4127397279d19ef7c7899e93018274e2f9b,846
/Volumes/T9/repos/django__django__156a2138db20abc89933121e4ff2ee2ce56a173a,850
/Volumes/T9/repos/django__django__f4e93919e4608cfc50849a1f764fd856e0917401,851
/Volumes/T9/repos/django__django__6e9c5ee88fc948e05b4a7d9f82a8861ed2b0343d,851
/Volumes/T9/repos/django__django__8954f255bbf5f4ee997fd6de62cb50fc9b5dd697,851
/Volumes/T9/repos/django__django__36bc47069ce071e80c8129500de3b8664d2058a7,852
/Volumes/T9/repos/django__django__ece18207cbb64dd89014e279ac636a6c9829828e,851
/Volumes/T9/repos/django__django__e39e727ded673e74016b5d3658d23cbe20234d11,851
/Volumes/T9/repos/django__django__9c92924cd5d164701e2514e1c2d6574126bd7cc2,851
/Volumes/T9/repos/django__django__76e0151ea0e0f56dca66cee846a78b89346d2c4c,851
/Volumes/T9/repos/django__django__453967477e3ddae704cd739eac2449c0e13d464c,851
/Volumes/T9/repos/django__django__84609b3205905097d7d3038d32e6101f012c0619,851
/Volumes/T9/repos/django__django__580a4341cb0b4cbfc215a70afc004875a7e815f4,851
/Volumes/T9/repos/django__django__71ae1ab0123582cc5bfe0f7d5f4cc19a9412f396,851
/Volumes/T9/repos/django__django__2a55431a5678af52f669ffe7dff3dd0bd21727f8,851
/Volumes/T9/repos/django__django__b79088306513d5ed76d31ac40ab3c15f858946ea,851
/Volumes/T9/repos/django__django__6599608c4d0befdcb820ddccce55f183f247ae4f,851
/Volumes/T9/repos/django__django__b7da588e883e12b8ac3bb8a486e654e30fc1c6c8,851
/Volumes/T9/repos/django__django__7f9e4524d6b23424cf44fbe1bf1f4e70f6bb066e,851
/Volumes/T9/repos/django__django__ede9fac75807fe5810df66280a60e7068cc97e4a,851
/Volumes/T9/repos/django__django__257f8495d6c93e30ab0f52af4c488d7344bcf112,851
/Volumes/T9/repos/django__django__755dbf39fcdc491fe9b588358303e259c7750be4,852
/Volumes/T9/repos/django__django__0773837e15bb632afffb6848a58c59a791008fa1,853
/Volumes/T9/repos/django__django__c448e614c60cc97c6194c62052363f4f501e0953,853
/Volumes/T9/repos/django__django__d746f28949c009251a8741ba03d156964050717f,853
/Volumes/T9/repos/django__django__bb64b99b78a579cb2f6178011a4cf9366e634438,854
/Volumes/T9/repos/django__django__fe886eee36be8022f34cfe59aa61ff1c21fe01d9,854
/Volumes/T9/repos/django__django__89fc144dedc737a79929231438f035b1d4a993c9,854
/Volumes/T9/repos/django__django__bef6f7584280f1cc80e5e2d80b7ad073a93d26ec,852
/Volumes/T9/repos/django__django__429d089d0a8fbd400e0c010708df4f0d16218970,854
/Volumes/T9/repos/django__django__98ad327864aed8df245fd19ea9d2743279e11643,854
/Volumes/T9/repos/django__django__e64c1d8055a3e476122633da141f16b50f0c4a2d,854
/Volumes/T9/repos/django__django__415f50298f97fb17f841a9df38d995ccf347dfcc,854
/Volumes/T9/repos/django__django__0c42cdf0d2422f4c080e93594d5d15381d6e955e,852
/Volumes/T9/repos/django__django__42e8cf47c7ee2db238bf91197ea398126c546741,853
/Volumes/T9/repos/django__django__f39634ff229887bf7790c069d0c411b38494ca38,853
/Volumes/T9/repos/django__django__619f26d2895d121854b1bed1b535d42b722e2eba,854
/Volumes/T9/repos/django__django__e4430f22c8e3d29ce5d9d0263fba57121938d06d,854
/Volumes/T9/repos/django__django__466920f6d726eee90d5566e0a9948e92b33a122e,853
/Volumes/T9/repos/django__django__db1fc5cd3c5d36cdb5d0fe4404efd6623dd3e8fb,854
/Volumes/T9/repos/django__django__179ee13eb37348cd87169a198aec18fedccc8668,853
/Volumes/T9/repos/django__django__d01709aae21de9cd2565b9c52f32732ea28a2d98,853
/Volumes/T9/repos/django__django__bc04941bf811d1ea2c79fb7fc20457ed2c7e3410,853
/Volumes/T9/repos/django__django__45814af6197cfd8f4dc72ee43b90ecde305a1d5a,853
/Volumes/T9/repos/django__django__2f13c476abe4ba787b6cb71131818341911f43cc,854
/Volumes/T9/repos/django__django__6efc35b4fe3009666e56a60af0675d7d532bf4ff,854
/Volumes/T9/repos/django__django__30e123ed351317b7527f632b3b7dc4e81e850449,854
/Volumes/T9/repos/django__django__5a8e8f80bb82a867eab7e4d9d099f21d0a976d22,854
/Volumes/T9/repos/django__django__187118203197801c6cb72dc8b06b714b23b6dd3d,854
/Volumes/T9/repos/django__django__a708f39ce67af174df90c5b5e50ad1976cec7cb8,854
/Volumes/T9/repos/django__django__06fd4df41afb5aa1d681b853c3c08d8c688ca3a5,854
/Volumes/T9/repos/django__django__b1a4b1f0bdf05adbd3dc4dde14228e68da54c1a3,854
/Volumes/T9/repos/django__django__d06c5b358149c02a62da8a5469264d05f29ac659,854
/Volumes/T9/repos/django__django__de32fe83a2e4a20887972c69a0693b94eb25a88b,854
/Volumes/T9/repos/django__django__5e04e84d67da8163f365e9f5fcd169e2630e2873,854
/Volumes/T9/repos/django__django__7272e1963ffdf39c1d4fe225d5425a45dd095d11,854
/Volumes/T9/repos/django__django__8c3bd0b708b488a1f6e8bd8cc6b96569904605be,854
/Volumes/T9/repos/django__django__910ecd1b8df7678f45c3d507dde6bcb1faafa243,854
/Volumes/T9/repos/django__django__6a5ef557f80a8eb6a758ebe99c8bb477ca47459e,854
/Volumes/T9/repos/django__django__d79be3ed39b76d3e34431873eec16f6dd354ab17,853
/Volumes/T9/repos/django__django__36fa071d6ebd18a61c4d7f1b5c9d17106134bd44,853
/Volumes/T9/repos/django__django__7f33c1e22dbc34a7afae7967783725b10f1f13b1,854
/Volumes/T9/repos/django__django__84400d2e9db7c51fee4e9bb04c028f665b8e7624,854
/Volumes/T9/repos/django__django__00ea883ef56fb5e092cbe4a6f7ff2e7470886ac4,854
/Volumes/T9/repos/django__django__0af9a5fc7d765aa05ea784e2c3237675f3bb4b49,858
/Volumes/T9/repos/django__django__b64db05b9cedd96905d637a2d824cbbf428e40e7,854
/Volumes/T9/repos/django__django__4e8121e8e42a24acc3565851c9ef50ca8322b15c,854
/Volumes/T9/repos/django__django__4884a87e022056eda10534c13d74e49b8cdda632,855
/Volumes/T9/repos/django__django__004b4620f6f4ad87261e149898940f2dcd5757ef,855
/Volumes/T9/repos/django__django__d89f976bddb49fb168334960acc8979c3de991fa,854
/Volumes/T9/repos/django__django__475cffd1d64c690cdad16ede4d5e81985738ceb4,855
/Volumes/T9/repos/django__django__903aaa35e5ceaa33bfc9b19b7f6da65ce5a91dd4,855
/Volumes/T9/repos/django__django__a754b82dac511475b6276039471ccd17cc64aeb8,855
/Volumes/T9/repos/django__django__e1d673c373a7d032060872b690a92fc95496612e,857
/Volumes/T9/repos/django__django__dab48b7482295956973879d15bfd4d3bb0718772,855
/Volumes/T9/repos/django__django__2c7846d992ca512d36a73f518205015c88ed088c,857
/Volumes/T9/repos/django__django__dd528cb2cefc0db8b91a7ff0a2bc87305b976597,857
/Volumes/T9/repos/django__django__a7e7043c8746933dafce652507d3b821801cdc7d,857
/Volumes/T9/repos/django__django__9a6e2df3a8f01ea761529bec48e5a8dc0ea9575b,857
/Volumes/T9/repos/django__django__cb383753c0e0eb52306e1024d32a782549c27e61,857
/Volumes/T9/repos/django__django__96e7ff5e9ff6362d9a886545869ce4496ca4b0fb,858
/Volumes/T9/repos/django__django__361bb8f786f112ee275be136795c0b1ecefff928,858
/Volumes/T9/repos/django__django__0ab58c120939093fea90822f376e1866fc714d1f,858
/Volumes/T9/repos/django__django__30613d6a748fce18919ff8b0da166d9fda2ed9bc,858
/Volumes/T9/repos/django__django__973fa566521037ac140dcece73fceae50ee522f1,858
/Volumes/T9/repos/django__django__652c68ffeebd510a6f59e1b56b3e007d07683ad8,858
/Volumes/T9/repos/django__django__e972620ada4f9ed7bc57f28e133e85c85b0a7b20,858
/Volumes/T9/repos/django__django__beb7ddbcee03270e833b2f74927ccfc8027aa693,858
/Volumes/T9/repos/django__django__71e7c8e73712419626f1c2b6ec036e8559a2d667,858
/Volumes/T9/repos/django__django__770d3e6a4ce8e0a91a9e27156036c1985e74d4a3,858
/Volumes/T9/repos/django__django__e0442a628eb480eac6a7888aed5a86f83499e299,859
/Volumes/T9/repos/django__django__d90e34c61b27fba2527834806639eebbcfab9631,859
/Volumes/T9/repos/django__django__859a87d873ce7152af73ab851653b4e1c3ffea4c,859
/Volumes/T9/repos/django__django__fbacaa58ffc5a62456ee68b90efa13957f761ce4,859
/Volumes/T9/repos/django__django__59ab3fd0e9e606d7f0f7ca26609c06ee679ece97,859
/Volumes/T9/repos/django__django__6991880109e35c879b71b7d9d9c154baeec12b89,859
/Volumes/T9/repos/django__django__9ffd4eae2ce7a7100c98f681e2b6ab818df384a4,859
/Volumes/T9/repos/django__django__884b4c27f506b3c29d58509fc83a35c30ea10d94,859
/Volumes/T9/repos/django__django__0b31e024873681e187b574fe1c4afe5e48aeeecf,859
/Volumes/T9/repos/django__django__694cf458f16b8d340a3195244196980b2dec34fd,859
/Volumes/T9/repos/django__django__647480166bfe7532e8c471fef0146e3a17e6c0c9,859
/Volumes/T9/repos/django__django__93cedc82f29076c824d476354527af1150888e4f,859
/Volumes/T9/repos/django__django__ce69e34bd646558bb44ea92cecfd98b345a0b3e0,859
/Volumes/T9/repos/django__django__8c0886b068ba4e224dd78104b93c9638b860b398,859
/Volumes/T9/repos/django__django__5eb6a2b33d70b9889e1cafa12594ad6f80773d3a,859
/Volumes/T9/repos/django__django__b4817d20b9e55df30be0b1b2ca8c8bb6d61aab07,860
/Volumes/T9/repos/django__django__37c5b8c07be104fd5288cd87f101e48cb7a40298,861
/Volumes/T9/repos/django__django__88e67a54b7ed0210c11523a337b498aadb2f5187,859
/Volumes/T9/repos/django__django__63884829acd207404f2a5c3cc1d6b4cd0a822b70,859
/Volumes/T9/repos/django__django__f387d024fc75569d2a4a338bfda76cc2f328f627,859
/Volumes/T9/repos/django__django__2480554dc4ada4ecf3f6a08e318735a2e50783f3,859
/Volumes/T9/repos/django__django__7e6b537f5b92be152779fc492bb908d27fe7c52a,859
/Volumes/T9/repos/django__django__0c3981eb5094419fe200eb46c71b5376a2266166,861
/Volumes/T9/repos/django__django__bf47c719719d0e190a99fa2e7f959d5bbb7caf8a,861
/Volumes/T9/repos/django__django__c6350d594c359151ee17b0c4f354bb44f28ff69e,861
/Volumes/T9/repos/django__django__5d36a8266c7d5d1994d7a7eeb4016f80d9cb0401,861
/Volumes/T9/repos/django__django__19e6efa50b603af325e7f62058364f278596758f,861
/Volumes/T9/repos/django__django__d559cb02da30f74debbb1fc3a46de0df134d2d80,861
/Volumes/T9/repos/django__django__93d4c9ea1de24eb391cb2b3561b6703fd46374df,861
/Volumes/T9/repos/django__django__444b6da7cc229a58a2c476a52e45233001dc7073,861
/Volumes/T9/repos/django__django__76e37513e22f4d9a01c7f15eee36fe44388e6670,861
/Volumes/T9/repos/django__django__321ecb40f4da842926e1bc07e11df4aabe53ca4b,861
/Volumes/T9/repos/django__django__7d5329852f19c6ae78c6f6f3d3e41835377bf295,864
/Volumes/T9/repos/django__django__60a7bd89860e504c0c33b02c78edcac87f6d1b5a,864
/Volumes/T9/repos/django__django__6c86495bcee22eac19d7fb040b2988b830707cbd,865
/Volumes/T9/repos/django__django__1250483ebf73f7a82ff820b94092c63ce4238264,863
/Volumes/T9/repos/django__django__39f83765e12b0e5d260b7939fc3fe281d879b279,863
/Volumes/T9/repos/django__django__e3a4cee081cf60650b8824f0646383b79cb110e7,863
/Volumes/T9/repos/django__django__246eb4836a6fb967880f838aa0d22ecfdca8b6f1,863
/Volumes/T9/repos/django__django__bd366ca2aeffa869b7dbc0b0aa01caea75e6dc31,863
/Volumes/T9/repos/django__django__51c9bb7cd16081133af4f0ab6d06572660309730,863
/Volumes/T9/repos/django__django__278881e37619278789942513916acafaa88d26f3,863
/Volumes/T9/repos/django__django__f9fe062de5fc0896d6bbbf3f260b5c44473b3c77,863
/Volumes/T9/repos/django__django__55bcbd8d172b689811fae17cde2f09218dd74e9c,863
/Volumes/T9/repos/django__django__9b224579875e30203d079cc2fee83b116d98eb78,863
/Volumes/T9/repos/django__django__fbe850106b2e4b85f838219cb9e1df95fba6c164,863
/Volumes/T9/repos/django__django__d687febce5868545f99974d2499a91f81a32fef5,863
/Volumes/T9/repos/django__django__0eb3e9bd754e4c9fac8b616b705178727fc8031e,863
/Volumes/T9/repos/django__django__02c356f2f3945b8075735d485c3cf48cad991011,863
/Volumes/T9/repos/django__django__3b62d8c83e3e48d2ed61cfa32a61c56d9e030293,865
/Volumes/T9/repos/django__django__0b0998dc151feb77068e2387c34cc50ef6b356ae,865
/Volumes/T9/repos/django__django__98f6ada0e2058d67d91fb6c16482411ec2ca0967,865
/Volumes/T9/repos/django__django__d3d173425fc0a1107836da5b4567f1c88253191b,865
/Volumes/T9/repos/django__django__ee36e101e8f8c0acde4bb148b738ab7034e902a0,865
/Volumes/T9/repos/django__django__1136aa5005f0ae70fea12796b7e37d6f027b9263,865
/Volumes/T9/repos/django__django__f64fd47a7627ed6ffe2df2a32ded6ee528a784eb,865
/Volumes/T9/repos/django__django__953f29f700a60fc09b08b2c2270c12c447490c6a,865
/Volumes/T9/repos/django__django__f8c43aca467b7b0c4bb0a7fa41362f90b610b8df,862
/Volumes/T9/repos/django__django__4a72da71001f154ea60906a2f74898d32b7322a7,862
/Volumes/T9/repos/django__django__f8fab6f90233c7114d642dfe01a4e6d4cb14ee7d,844
/Volumes/T9/repos/django__django__84322a29ce9b0940335f8ab3d60e55192bef1e50,825
/Volumes/T9/repos/matplotlib__matplotlib__a3e2897bfaf9eaac1d6649da535c4e721c89fa69,762
/Volumes/T9/repos/matplotlib__matplotlib__d65c9ca20ddf81ef91199e6d819f9d3506ef477c,764
/Volumes/T9/repos/matplotlib__matplotlib__b7ce415c15eb39b026a097a2865da73fbcf15c9c,788
/Volumes/T9/repos/matplotlib__matplotlib__6786f437df54ca7780a047203cbcfaa1db8dc542,782
/Volumes/T9/repos/matplotlib__matplotlib__a0d2e399729d36499a1924e5ca5bc067c8396810,787
/Volumes/T9/repos/matplotlib__matplotlib__64619e53e9d0ed417daba287ac0d3a06943a54d5,787
/Volumes/T9/repos/matplotlib__matplotlib__f0632c0fc7339f68e992ed63ae4cfac76cd41aad,798
/Volumes/T9/repos/matplotlib__matplotlib__a2a1b0a11b993fe5f8fab64b6161e99243a6393c,803
/Volumes/T9/repos/matplotlib__matplotlib__c6c7ec1978c22ae2c704555a873d0ec6e1e2eaa8,803
/Volumes/T9/repos/matplotlib__matplotlib__a7b7260bf06c20d408215d95ce20a1a01c12e5b1,803
/Volumes/T9/repos/matplotlib__matplotlib__3eadeacc06c9f2ddcdac6ae39819faa9fbee9e39,786
/Volumes/T9/repos/matplotlib__matplotlib__97fc1154992f64cfb2f86321155a7404efeb2d8a,790
/Volumes/T9/repos/matplotlib__matplotlib__f06c2c3abdaf4b90285ce5ca7fedbb8ace715911,786
/Volumes/T9/repos/matplotlib__matplotlib__33a0599711d26dc2b79f851c6daed4947df7c167,786
/Volumes/T9/repos/matplotlib__matplotlib__14c96b510ebeba40f573e512299b1976f35b620e,790
/Volumes/T9/repos/matplotlib__matplotlib__af39f1edffcd828f05cfdd04f2e59506bb4a27bc,787
/Volumes/T9/repos/matplotlib__matplotlib__493d608e39d32a67173c23a7bbc47d6bfedcef61,787
/Volumes/T9/repos/matplotlib__matplotlib__8f0003ae902952372824c9917975fb372c026a42,797
/Volumes/T9/repos/matplotlib__matplotlib__9d22ab09d52d279b125d8770967569de070913b2,797
/Volumes/T9/repos/matplotlib__matplotlib__a9ba9d5d3fe9d5ac15fbdb06127f97d381148dd0,798
/Volumes/T9/repos/matplotlib__matplotlib__6091437be9776139d3672cde28a19cbe6c09dcd5,799
/Volumes/T9/repos/matplotlib__matplotlib__a3011dfd1aaa2487cce8aa7369475533133ef777,793
/Volumes/T9/repos/matplotlib__matplotlib__5ec2bd279729ff534719b8bf238dbbca907b93c5,791
/Volumes/T9/repos/matplotlib__matplotlib__f8ffce6d44127d4ea7d6491262ab30046b03294b,784
/Volumes/T9/repos/matplotlib__matplotlib__430fb1db88843300fb4baae3edc499bbfe073b0c,784
/Volumes/T9/repos/matplotlib__matplotlib__66ba515e671638971bd11a34cff12c107a437e0b,784
/Volumes/T9/repos/matplotlib__matplotlib__7fdf772201e4c9bafbc16dfac23b5472d6a53fa2,785
/Volumes/T9/repos/matplotlib__matplotlib__26224d96066b5c60882296c551f54ca7732c0af0,785
/Volumes/T9/repos/matplotlib__matplotlib__1d0d255b79e84dfc9f2123c5eb85a842d342f72b,787
/Volumes/T9/repos/matplotlib__matplotlib__5ca694b38d861c0e24cd8743753427dda839b90b,787
/Volumes/T9/repos/matplotlib__matplotlib__f0f133943d3e4f1e2e665291fe1c8f658a84cc09,787
/Volumes/T9/repos/matplotlib__matplotlib__fa68f46289adf4a8a4bc7ba97ded8258ec9d079c,787
/Volumes/T9/repos/matplotlib__matplotlib__2aee6ccd7c7e1f8d282c1e7579f4ee546b838542,787
/Volumes/T9/repos/matplotlib__matplotlib__3dd06a46750d174f821df5377996f493f1af4ebb,786
/Volumes/T9/repos/mwaskom__seaborn__54cab15bdacfaa05a88fbc5502a5b322d99f148e,111
/Volumes/T9/repos/mwaskom__seaborn__22cdfb0c93f8ec78492d87edb810f10cb7f57a31,112
/Volumes/T9/repos/pallets__flask__7ee9ceb71e868944a46e1ff00b506772a53a4f1d,33
/Volumes/T9/repos/psf__requests__22623bd8c265b78b161542663ee980738441c307,69
/Volumes/T9/repos/psf__requests__1ba83c47ce7b177efe90d5f51f7760680f72eda0,74
/Volumes/T9/repos/psf__requests__847735553aeda6e6633f2b32e14ba14ba86887a4,75
/Volumes/T9/repos/psf__requests__3c88e520da24ae6f736929a750876e7654accc3d,75
/Volumes/T9/repos/psf__requests__091991be0da19de9108dbe5e3752917fea3d7fdc,82
/Volumes/T9/repos/psf__requests__5f7a3a74aab1625c2bb65f643197ee885e3da576,83
/Volumes/T9/repos/psf__requests__39d0fdd9096f7dceccbc8f82e1eda7dd64717a8e,21
/Volumes/T9/repos/psf__requests__0192aac24123735b3eaf9b08df46429bb770c283,21
/Volumes/T9/repos/pydata__xarray__7c4e2ac83f7b4306296ff9b7b51aaf016e5ad614,103
/Volumes/T9/repos/pydata__xarray__1757dffac2fa493d7b9a074b84cf8c830a706688,93
/Volumes/T9/repos/pydata__xarray__118f4d996e7711c9aced916e6049af9f28d5ec66,93
/Volumes/T9/repos/pydata__xarray__69c7e01e5167a3137c285cb50d1978252bb8bcbf,94
/Volumes/T9/repos/pydata__xarray__ef6e6a7b86f8479b9a1fecf15ad5b88a2326b31e,98
/Volumes/T9/repos/pydata__xarray__8cc34cb412ba89ebca12fc84f76a9e452628f1bc,102
/Volumes/T9/repos/pydata__xarray__19b088636eb7d3f65ab7a1046ac672e0689371d8,96
/Volumes/T9/repos/pydata__xarray__a64cf2d5476e7bbda099b34c40b7be1880dbd39a,97
/Volumes/T9/repos/pydata__xarray__e05fddea852d08fc0845f954b79deb9e9f9ff883,98
/Volumes/T9/repos/pydata__xarray__a41edc7bf5302f2ea327943c0c48c532b12009bc,101
/Volumes/T9/repos/pydata__xarray__d3b6aa6d8b997df115a53c001d00222a0f92f63a,112
/Volumes/T9/repos/pydata__xarray__51ef2a66c4e0896eab7d2b03e3dfb3963e338e3c,101
/Volumes/T9/repos/pydata__xarray__37522e991a32ee3c0ad1a5ff8afe8e3eb1885550,104
/Volumes/T9/repos/pydata__xarray__851dadeb0338403e5021c3fbe80cbc9127ee672d,112
/Volumes/T9/repos/pydata__xarray__6bb2b855498b5c68d7cca8cceb710365d58e6048,112
/Volumes/T9/repos/pydata__xarray__cc183652bf6e1273e985e1c4b3cba79c896c1193,113
/Volumes/T9/repos/pydata__xarray__7cc6cc991e586a6158bb656b8001234ccda25407,113
/Volumes/T9/repos/pydata__xarray__c4e40d991c28be51de9ac560ce895ac7f9b14924,114
/Volumes/T9/repos/pydata__xarray__45c0a114e2b7b27b83c9618bc05b36afac82183c,113
/Volumes/T9/repos/pydata__xarray__3aa75c8d00a4a2d4acf10d80f76b937cadb666b7,117
/Volumes/T9/repos/pydata__xarray__51d37d1be95547059251076b3fadaa317750aab3,117
/Volumes/T9/repos/pydata__xarray__41fef6f1352be994cd90056d47440fe9aa4c068f,118
/Volumes/T9/repos/pylint-dev__pylint__99589b08de8c5a2c6cc61e13a37420a868c80599,118
/Volumes/T9/repos/pylint-dev__pylint__1e55ae64624d28c5fe8b63ad7979880ee2e6ef3f,118
/Volumes/T9/repos/pylint-dev__pylint__1d1619ef913b99b06647d2030bddff4800abdf63,118
/Volumes/T9/repos/pylint-dev__pylint__40cc2ffd7887959157aaf469e09585ec2be7f528,124
/Volumes/T9/repos/pylint-dev__pylint__754b487f4d892e3d4872b6fc7468a71db4e31c13,357
/Volumes/T9/repos/pylint-dev__pylint__273a8b25620467c1e5686aa8d2a1dbb8c02c78d0,405
/Volumes/T9/repos/pylint-dev__pylint__ca80f03a43bc39e4cc2c67dc99817b3c9f13b8a6,775
/Volumes/T9/repos/pylint-dev__pylint__3c5eca2ded3dd2b59ebaf23eb289453b5d2930f0,841
/Volumes/T9/repos/pylint-dev__pylint__684a1d6aa0a6791e20078bc524f97c8906332390,848
/Volumes/T9/repos/pylint-dev__pylint__1f8c4d9eb185c16a2c1d881c054f015e1c2eb334,1008
/Volumes/T9/repos/pytest-dev__pytest__aa55975c7d3f6c9f6d7f68accc41bb7cadf0eb9a,131
/Volumes/T9/repos/pytest-dev__pytest__da9a2b584eb7a6c7e924b2621ed0ddaeca0a7bea,131
/Volumes/T9/repos/pytest-dev__pytest__3c1534944cbd34e8a41bc9e76818018fadefc9a1,130
/Volumes/T9/repos/pytest-dev__pytest__58e6a09db49f34886ff13f3b7520dd0bcd7063cd,112
/Volumes/T9/repos/pytest-dev__pytest__cb828ebe70b4fa35cd5f9a7ee024272237eab351,112
/Volumes/T9/repos/pytest-dev__pytest__955e54221008aba577ecbaefa15679f6777d3bf8,113
/Volumes/T9/repos/pytest-dev__pytest__8aba863a634f40560e25055d179220f0eefabe9a,113
/Volumes/T9/repos/pytest-dev__pytest__73c5b7f4b11a81e971f7d1bb18072e06a87060f4,113
/Volumes/T9/repos/pytest-dev__pytest__e856638ba086fcf5bebf1bebea32d5cf78de87b4,113
/Volumes/T9/repos/pytest-dev__pytest__3a668ea6ff24b0c8f00498c3144c63bac561d925,113
/Volumes/T9/repos/pytest-dev__pytest__5e7f1ab4bf58e473e5d7f878eb2b499d7deabd29,114
/Volumes/T9/repos/pytest-dev__pytest__c98bc4cd3d687fe9b392d8eecd905627191d4f06,113
/Volumes/T9/repos/pytest-dev__pytest__19ad5889353c7f5f2b65cc2acd346b7a9e95dfcd,115
/Volumes/T9/repos/pytest-dev__pytest__e6e300e729dd33956e5448d8be9a0b1540b4e53a,114
/Volumes/T9/repos/pytest-dev__pytest__7f7a36478abe7dd1fa993b115d22606aa0e35e88,114
/Volumes/T9/repos/pytest-dev__pytest__41d211c24a6781843b174379d6d6538f5c17adb9,115
/Volumes/T9/repos/pytest-dev__pytest__422685d0bdc110547535036c1ff398b5e1c44145,115
/Volumes/T9/repos/pytest-dev__pytest__a7e38c5c61928033a2dc1915cbee8caa8544a4d0,123
/Volumes/T9/repos/pytest-dev__pytest__6e7dc8bac831cd8cf7a53b08efa366bd84f0c0fe,127
/Volumes/T9/repos/scikit-learn__scikit-learn__b90661d6a46aa3619d3eec94d5281f5888add501,499
/Volumes/T9/repos/scikit-learn__scikit-learn__97523985b39ecde369d83352d7c3baf403b60a22,502
/Volumes/T9/repos/scikit-learn__scikit-learn__67d06b18c68ee4452768f8a1e868565dd4354abf,502
/Volumes/T9/repos/scikit-learn__scikit-learn__553b5fb8f84ba05c8397f26dd079deece2b05029,504
/Volumes/T9/repos/scikit-learn__scikit-learn__dd69361a0d9c6ccde0d2353b00b86e0e7541a3e3,508
/Volumes/T9/repos/scikit-learn__scikit-learn__bfc4a566423e036fbdc9fb02765fd893e4860c85,545
/Volumes/T9/repos/scikit-learn__scikit-learn__d360ffa7c5896a91ae498b3fb9cf464464ce8f34,520
/Volumes/T9/repos/scikit-learn__scikit-learn__a7b8b9e9e16d4e15fabda5ae615086c2e1c47d8a,546
/Volumes/T9/repos/scikit-learn__scikit-learn__9f0b959a8c9195d1b6e203f08b698e052b426ca9,547
/Volumes/T9/repos/scikit-learn__scikit-learn__a061ada48efccf0845acae17009553e01764452b,547
/Volumes/T9/repos/scikit-learn__scikit-learn__1c8668b0a021832386470ddf740d834e02c66f69,547
/Volumes/T9/repos/scikit-learn__scikit-learn__37b0e66c871e8fb032a9c7086b2a1d5419838154,554
/Volumes/T9/repos/scikit-learn__scikit-learn__a62775e99f2a5ea3d51db7160fad783f6cd8a4c5,554
/Volumes/T9/repos/scikit-learn__scikit-learn__3aefc834dce72e850bff48689bea3c7dff5f3fad,554
/Volumes/T9/repos/scikit-learn__scikit-learn__b34751b7ed02b2cfcc36037fb729d4360480a299,519
/Volumes/T9/repos/scikit-learn__scikit-learn__6ab8c86c383dd847a1be7103ad115f174fe23ffd,519
/Volumes/T9/repos/scikit-learn__scikit-learn__a5743ed36fbd3fbc8e351bdab16561fbfca7dfa1,519
/Volumes/T9/repos/scikit-learn__scikit-learn__3d997697fdd166eff428ea9fd35734b6a8ba113e,519
/Volumes/T9/repos/scikit-learn__scikit-learn__d49a6f13af2f22228d430ac64ac2b518937800d0,525
/Volumes/T9/repos/scikit-learn__scikit-learn__4aded39b5663d943f6a4809abacfa9cae3d7fb6a,529
/Volumes/T9/repos/scikit-learn__scikit-learn__4b6273b87442a4437d8b3873ea3022ae163f4fdf,530
/Volumes/T9/repos/scikit-learn__scikit-learn__fdbaa58acbead5a254f2e6d597dc1ab3b947f4c6,539
/Volumes/T9/repos/scikit-learn__scikit-learn__06632c0d185128a53c57ccc73b25b6408e90bb89,533
/Volumes/T9/repos/scikit-learn__scikit-learn__af8a6e592a1a15d92d77011856d5aa0ec4db4c6c,538
/Volumes/T9/repos/scikit-learn__scikit-learn__f9a1cf072da9d7375d6c2163f68a6038b13b310f,623
/Volumes/T9/repos/scikit-learn__scikit-learn__f7eea978097085a6781a0e92fc14ba7712a52d75,622
/Volumes/T9/repos/scikit-learn__scikit-learn__2c867b8f822eb7a684f0d5c4359e4426e1c9cfe0,623
/Volumes/T9/repos/scikit-learn__scikit-learn__e3d1f9ac39e4bf0f31430e779acc50fb05fe1b64,623
/Volumes/T9/repos/scikit-learn__scikit-learn__10dbc142bd17ccf7bd38eec2ac04b52ce0d1009e,623
/Volumes/T9/repos/scikit-learn__scikit-learn__e886ce4e1444c61b865e7839c9cff5464ee20ace,624
/Volumes/T9/repos/scikit-learn__scikit-learn__586f4318ffcdfbd9a1093f35ad43e81983740b66,630
/Volumes/T9/repos/scikit-learn__scikit-learn__3eacf948e0f95ef957862568d87ce082f378e186,529
/Volumes/T9/repos/sphinx-doc__sphinx__31eba1a76dd485dc633cae48227b46879eda5df4,187
/Volumes/T9/repos/sphinx-doc__sphinx__f1061c012e214f16fd8790dec3c283d787e3daa8,187
/Volumes/T9/repos/sphinx-doc__sphinx__36367765fe780f962bba861bf368a765380bbc68,187
/Volumes/T9/repos/sphinx-doc__sphinx__cab2d93076d0cca7c53fac885f927dde3e2a5fec,187
/Volumes/T9/repos/sphinx-doc__sphinx__ac2b7599d212af7d04649959ce6926c63c3133fa,180
/Volumes/T9/repos/sphinx-doc__sphinx__f35d2a6cc726f97d0e859ca7a0e1729f7da8a6c8,185
/Volumes/T9/repos/sphinx-doc__sphinx__71db08c05197545944949d5aa76cd340e7143627,180
/Volumes/T9/repos/sphinx-doc__sphinx__6cb783c0024a873722952a67ebb9f41771c8eb6d,182
/Volumes/T9/repos/sphinx-doc__sphinx__9bb204dcabe6ba0fc422bf4a45ad0c79c680d90b,193
/Volumes/T9/repos/sphinx-doc__sphinx__aca3f825f2e4a8817190f3c885a242a285aa0dba,193
/Volumes/T9/repos/sphinx-doc__sphinx__b3e26a6c851133b82b50f4b68b53692076574d13,193
/Volumes/T9/repos/sphinx-doc__sphinx__2e506c5ab457cba743bb47eb5b8c8eb9dd51d23d,193
/Volumes/T9/repos/sphinx-doc__sphinx__9988d5ce267bf0df4791770b469431b1fb00dcdd,194
/Volumes/T9/repos/sphinx-doc__sphinx__212fd67b9f0b4fae6a7c3501fdf1a9a5b2801329,194
/Volumes/T9/repos/sphinx-doc__sphinx__ec9af606c6cfa515f946d74da9b51574f2f9b16f,194
/Volumes/T9/repos/sphinx-doc__sphinx__27ac10de04697e2372d31db5548e56a7c6d9265d,194
/Volumes/T9/repos/sphinx-doc__sphinx__f30284ef926ebaf04b176f21b421e2dffc679792,194
/Volumes/T9/repos/sphinx-doc__sphinx__5e6da19f0e44a0ae83944fb6ce18f18f781e1a6e,194
/Volumes/T9/repos/sphinx-doc__sphinx__e188d56ed1248dead58f3f8018c0e9a3f99193f7,194
/Volumes/T9/repos/sphinx-doc__sphinx__795747bdb6b8fb7d717d5bbfc2c3316869e66a73,194
/Volumes/T9/repos/sphinx-doc__sphinx__b428cd2404675475a5c3dc2a2b0790ba57676202,194
/Volumes/T9/repos/sphinx-doc__sphinx__1e2ccd8f0eca0870cf6f8fce6934e2da8eba9b72,194
/Volumes/T9/repos/sphinx-doc__sphinx__68aa4fb29e7dfe521749e1e14f750d7afabb3481,194
/Volumes/T9/repos/sphinx-doc__sphinx__3ea1ec84cc610f7a9f4f6b354e264565254923ff,194
/Volumes/T9/repos/sphinx-doc__sphinx__dd1615c59dc6fff633e27dbb3861f2d27e1fb976,195
/Volumes/T9/repos/sphinx-doc__sphinx__57ed10c68057c96491acbd3e62254ccfaf9e3861,195
/Volumes/T9/repos/sphinx-doc__sphinx__07983a5a8704ad91ae855218ecbda1c8598200ca,195
/Volumes/T9/repos/sphinx-doc__sphinx__b19bce971e82f2497d67fdacdeca8db08ae0ba56,195
/Volumes/T9/repos/sphinx-doc__sphinx__21698c14461d27933864d73e6fba568a154e83b3,195
/Volumes/T9/repos/sphinx-doc__sphinx__4b452338f914d4f6b54704222d70ae8a746e3db5,188
/Volumes/T9/repos/sphinx-doc__sphinx__82ef497a8c88f0f6e50d84520e7276bfbf65025d,195
/Volumes/T9/repos/sphinx-doc__sphinx__876fa81e0a038cda466925b85ccf6c5452e0f685,190
/Volumes/T9/repos/sphinx-doc__sphinx__567ff22716ac258b9edd2c1711d766b440ac0b11,190
/Volumes/T9/repos/sphinx-doc__sphinx__06107f838c28ab6ca6bfc2cc208e15997fcb2146,190
/Volumes/T9/repos/sphinx-doc__sphinx__8ec06e9a1bd862cd713b9db748e039ccc7b3e15b,190
/Volumes/T9/repos/sphinx-doc__sphinx__e05cef574b8f23ab1b57f57e7da6dee509a4e230,190
/Volumes/T9/repos/sphinx-doc__sphinx__6918e69600810a4664e53653d6ff0290c3c4a788,190
/Volumes/T9/repos/sphinx-doc__sphinx__939c7bb7ff7c53a4d27df067cea637540f0e1dad,190
/Volumes/T9/repos/sphinx-doc__sphinx__9ed054279aeffd5b1d0642e2d24a8800389de29f,190
/Volumes/T9/repos/sphinx-doc__sphinx__6c38f68dae221e8cfc70c137974b8b88bd3baaab,190
/Volumes/T9/repos/sphinx-doc__sphinx__232dbe41c5250eb7d559d40438c4743483e95f15,190
/Volumes/T9/repos/sphinx-doc__sphinx__5fb51fb1467dc5eea7505402c3c5d9b378d3b441,190
/Volumes/T9/repos/sphinx-doc__sphinx__f050a7775dfc9000f55d023d36d925a8d02ccfa8,190
/Volumes/T9/repos/sphinx-doc__sphinx__81a4fd973d4cfcb25d01a7b0be62cdb28f82406d,190
/Volumes/T9/repos/sympy__sympy__360290c4c401e386db60723ddb0109ed499c9f6e,627
/Volumes/T9/repos/sympy__sympy__d7c3045115693e887bcd03599b7ca4650ac5f2cb,628
/Volumes/T9/repos/sympy__sympy__479939f8c65c8c2908bbedc959549a257a7c0b0b,632
/Volumes/T9/repos/sympy__sympy__c807dfe7569692cad24f02a08477b70c1679a4dd,633
/Volumes/T9/repos/sympy__sympy__aa9780761ad8c3c0f68beeef3a0ce5caac9e100b,634
/Volumes/T9/repos/sympy__sympy__2dfa7457f20ee187fbb09b5b6a1631da4458388c,639
/Volumes/T9/repos/sympy__sympy__d1320814eda6549996190618a21eaf212cfd4d1e,646
/Volumes/T9/repos/sympy__sympy__30379ea6e225e37833a764ac2da7b7fadf5fe374,674
/Volumes/T9/repos/sympy__sympy__f57fe3f4b3f2cab225749e1b3b38ae1bf80b62f0,676
/Volumes/T9/repos/sympy__sympy__9476425b9e34363c2d9ac38e9f04aa75ae54a775,677
/Volumes/T9/repos/sympy__sympy__50d8a102f0735da8e165a0369bbb994c7d0592a6,678
/Volumes/T9/repos/sympy__sympy__67e3c956083d0128a621f65ee86a7dacd4f9f19f,678
/Volumes/T9/repos/sympy__sympy__a5e6a101869e027e7930e694f8b1cfb082603453,678
/Volumes/T9/repos/sympy__sympy__7121bdf1facdd90d05b6994b4c2e5b2865a4638a,678
/Volumes/T9/repos/sympy__sympy__c935e1d106743efd5bf0705fbeedbd18fadff4dc,679
/Volumes/T9/repos/sympy__sympy__1659712001810f5fc563a443949f8e3bb38af4bd,687
/Volumes/T9/repos/sympy__sympy__7b127bdf71a36d85216315f80c1b54d22b060818,680
/Volumes/T9/repos/sympy__sympy__84c125972ad535b2dfb245f8d311d347b45e5b8a,680
/Volumes/T9/repos/sympy__sympy__9986b38181cdd556a3f3411e553864f11912244e,699
/Volumes/T9/repos/sympy__sympy__205da797006360fc629110937e39a19c9561313e,700
/Volumes/T9/repos/sympy__sympy__c6753448b5c34f95e250105d76709fe4d349ca1f,701
/Volumes/T9/repos/sympy__sympy__9cbea134220b0b951587e11b63e2c832c7246cbc,719
/Volumes/T9/repos/sympy__sympy__6810dee426943c1a2fe85b5002dd0d4cf2246a05,749
/Volumes/T9/repos/sympy__sympy__9ef28fba5b4d6d0168237c9c005a550e6dc27d81,749
/Volumes/T9/repos/sympy__sympy__768da1c6f6ec907524b8ebbf6bf818c92b56101b,749
/Volumes/T9/repos/sympy__sympy__5e17a90c19f7eecfa10c1ab872648ae7e2131323,752
/Volumes/T9/repos/sympy__sympy__28d913d3cead6c5646307ffa6540b21d65059dfd,753
/Volumes/T9/repos/sympy__sympy__b506169ad727ee39cb3d60c8b3ff5e315d443d8e,753
/Volumes/T9/repos/sympy__sympy__701441853569d370506514083b995d11f9a130bd,753
/Volumes/T9/repos/sympy__sympy__aefdd023dc4f73c441953ed51f5f05a076f0862f,753
/Volumes/T9/repos/sympy__sympy__6fd65310fa3167b9626c38a5487e171ca407d988,754
/Volumes/T9/repos/sympy__sympy__b8fe457a02cc24b3470ff678d0099c350b7fef43,754
/Volumes/T9/repos/sympy__sympy__09786a173e7a0a488f46dd6000177c23e5d24eed,754
/Volumes/T9/repos/sympy__sympy__c50643a49811e9fe2f4851adff4313ad46f7325e,754
/Volumes/T9/repos/sympy__sympy__1d3327b8e90a186df6972991963a5ae87053259d,758
/Volumes/T9/repos/sympy__sympy__d4e0231b08147337745dcf601e62de7eefe2fb2d,761
/Volumes/T9/repos/sympy__sympy__58e78209c8577b9890e957b624466e5beed7eb08,770
/Volumes/T9/repos/sympy__sympy__f5e965947af2410ded92cfad987aaf45262ea434,770
/Volumes/T9/repos/sympy__sympy__1923822ddf8265199dbd9ef9ce09641d3fd042b9,780
/Volumes/T9/repos/sympy__sympy__ba80d1e493f21431b4bf729b3e0452cd47eb9566,780
/Volumes/T9/repos/sympy__sympy__b4f1aa3540fe68d078d76e78ba59d022dd6df39f,780
/Volumes/T9/repos/sympy__sympy__3dff1b98a78f28c953ae2140b69356b8391e399c,796
/Volumes/T9/repos/sympy__sympy__70381f282f2d9d039da860e391fe51649df2779d,778
/Volumes/T9/repos/sympy__sympy__b9179e80d2daa1bb6cba1ffe35ca9e6612e115c9,800
/Volumes/T9/repos/sympy__sympy__94fb720696f5f5d12bad8bc813699fd696afd2fb,803
/Volumes/T9/repos/sympy__sympy__25fbcce5b1a4c7e3956e6062930f4a44ce95a632,807
/Volumes/T9/repos/sympy__sympy__63f8f465d48559fecb4e4bf3c48b75bf15a3e0ef,811
/Volumes/T9/repos/sympy__sympy__586a43201d0357e92e8c93548d69a9f42bf548f4,816
/Volumes/T9/repos/sympy__sympy__6f54459aa0248bf1467ad12ee6333d8bc924a642,822
/Volumes/T9/repos/sympy__sympy__bdb49c4abfb35554a3c8ce761696ffff3bb837fe,825
/Volumes/T9/repos/sympy__sympy__c0e85160406f9bf2bcaa2992138587668a1cd0bc,828
/Volumes/T9/repos/sympy__sympy__33b47e4bd60e2302e42616141e76285038b724d6,834
/Volumes/T9/repos/sympy__sympy__cffd4e0f86fefd4802349a9f9b19ed70934ea354,834
/Volumes/T9/repos/sympy__sympy__e11d3fed782146eebbffdc9ced0364b223b84b6c,844
/Volumes/T9/repos/sympy__sympy__82298df6a51491bfaad0c6d1980e7e3ca808ae93,855
/Volumes/T9/repos/sympy__sympy__624217179aaf8d094e6ff75b7493ad1ee47599b0,869
/Volumes/T9/repos/sympy__sympy__110997fe18b9f7d5ba7d22f624d156a29bf40759,870
/Volumes/T9/repos/sympy__sympy__b4777fdcef467b7132c055f8ac2c9a5059e6a145,870
/Volumes/T9/repos/sympy__sympy__d9b18c518d64d0ebe8e35a98c2fb519938b9b151,878
/Volumes/T9/repos/sympy__sympy__de446c6d85f633271dfec1452f6f28ea783e293f,880
/Volumes/T9/repos/sympy__sympy__3f8c8c2377cb8e0daaf8073e8d03ac7d87580813,880
/Volumes/T9/repos/sympy__sympy__a3475b3f9ac662cd425157dd3bdb93ad7111c090,886
/Volumes/T9/repos/sympy__sympy__3ff4717b6aef6086e78f01cdfa06f64ae23aed7e,893
/Volumes/T9/repos/sympy__sympy__c4e836cdf73fc6aa7bab6a86719a0f08861ffb1d,893
/Volumes/T9/repos/sympy__sympy__fdc707f73a65a429935c01532cd3970d3355eab6,890
/Volumes/T9/repos/sympy__sympy__10de1a18a0efac0b19b611e40c928250dda688bf,889
/Volumes/T9/repos/sympy__sympy__832c24fec1046eaa544a4cab4c69e3af3e651759,889
/Volumes/T9/repos/sympy__sympy__39de9a2698ad4bb90681c0fdb70b30a78233145f,888
/Volumes/T9/repos/sympy__sympy__88664e6e0b781d0a8b5347896af74b555e92891e,888
/Volumes/T9/repos/sympy__sympy__514579c655bf22e2af14f0743376ae1d7befe345,895
/Volumes/T9/repos/sympy__sympy__e8c22f6eac7314be8d92590bfff92ced79ee03e2,895
/Volumes/T9/repos/sympy__sympy__809c53c077485ca48a206cee78340389cb83b7f1,864
/Volumes/T9/repos/sympy__sympy__193e3825645d93c73e31cdceb6d742cc6919624d,865
/Volumes/T9/repos/sympy__sympy__b1cb676cf92dd1a48365b731979833375b188bf2,865
/Volumes/T9/repos/sympy__sympy__a36caf5c74fe654cedc488e8a8a05fad388f8406,869
